,Country Name,Country Code,Indicator Name,Indicator Code,2017,2018,2019,2020,2021
0,Aruba,ABW,"Inflación, precios al consumidor (% anual)",FP.CPI.TOTL.ZG,-1.02828178762002,3.62604141352956,4.25746204335428,,
1,,AFE,"Inflación, precios al consumidor (% anual)",FP.CPI.TOTL.ZG,6.39934341569383,4.720811388773,4.12024587014984,6.36296055300016,6.07932754164423
2,Afganistán,AFG,"Inflación, precios al consumidor (% anual)",FP.CPI.TOTL.ZG,4.9759515055383,0.626149149168811,2.30237251516844,,
3,,AFW,"Inflación, precios al consumidor (% anual)",FP.CPI.TOTL.ZG,1.76463495159564,1.78404994832044,1.75856517595659,2.43760882182242,3.83786802840503
4,Angola,AGO,"Inflación, precios al consumidor (% anual)",FP.CPI.TOTL.ZG,29.8425777887099,19.6305943641961,17.0797044074954,22.2715643068877,25.7542656453085
5,Albania,ALB,"Inflación, precios al consumidor (% anual)",FP.CPI.TOTL.ZG,2.0605984592022,2.02805963071136,1.41109078954248,1.62088661717004,2.04147163139546
6,Andorra,AND,"Inflación, precios al consumidor (% anual)",FP.CPI.TOTL.ZG,,,,,
7,El mundo árabe,ARB,"Inflación, precios al consumidor (% anual)",FP.CPI.TOTL.ZG,1.96682557818839,2.45814158007533,1.09184802655847,1.77740783806174,3.42362947609175
8,Emiratos Árabes Unidos,ARE,"Inflación, precios al consumidor (% anual)",FP.CPI.TOTL.ZG,1.96682557818839,3.06863379251994,-1.93108114782171,-2.0794031794094,
10,Armenia,ARM,"Inflación, precios al consumidor (% anual)",FP.CPI.TOTL.ZG,0.969553268816231,2.52023382001631,1.44344660770702,1.21143577838465,7.18483629443373
11,Samoa Americana,ASM,"Inflación, precios al consumidor (% anual)",FP.CPI.TOTL.ZG,,,,,
12,Antigua y Barbuda,ATG,"Inflación, precios al consumidor (% anual)",FP.CPI.TOTL.ZG,2.43248789041366,1.20715793367003,1.43135598182989,0.625989707046698,2.06299638545331
13,Australia,AUS,"Inflación, precios al consumidor (% anual)",FP.CPI.TOTL.ZG,1.94864740944522,1.91140094445692,1.61076787290379,0.846905537459293,2.86391042204995
14,Austria,AUT,"Inflación, precios al consumidor (% anual)",FP.CPI.TOTL.ZG,2.08126911385587,1.99837981429546,1.53089564152645,1.38191063351859,2.76666666666665
15,Azerbaiyán,AZE,"Inflación, precios al consumidor (% anual)",FP.CPI.TOTL.ZG,12.9359184187334,2.26854690374005,2.61057182799216,2.75980947008126,6.65029912708779
16,Burundi,BDI,"Inflación, precios al consumidor (% anual)",FP.CPI.TOTL.ZG,16.0525353030392,-2.8146980766847,-0.686772170797229,7.32110643415513,8.4045384507634
17,Bélgica,BEL,"Inflación, precios al consumidor (% anual)",FP.CPI.TOTL.ZG,2.12597086002609,2.05316499865181,1.43681956996435,0.740791812220385,2.44024851144081
18,Benin,BEN,"Inflación, precios al consumidor (% anual)",FP.CPI.TOTL.ZG,1.76941247391975,0.644803622440778,-0.70502663454275,3.02272119663756,1.73353962694033
19,Burkina Faso,BFA,"Inflación, precios al consumidor (% anual)",FP.CPI.TOTL.ZG,1.48299897161327,1.95594302672532,-3.23338933983321,1.88443993781985,3.65353287214207
20,Bangladesh,BGD,"Inflación, precios al consumidor (% anual)",FP.CPI.TOTL.ZG,5.70207015717245,5.5436213948647,5.59199639930633,5.6910747474621,5.54565430773474
21,Bulgaria,BGR,"Inflación, precios al consumidor (% anual)",FP.CPI.TOTL.ZG,2.06159619443137,2.81454473824833,3.10372944796774,1.67244096855762,3.29774435299511
22,Bahrein,BHR,"Inflación, precios al consumidor (% anual)",FP.CPI.TOTL.ZG,1.38671830576397,2.08766938046983,1.00582004702132,-2.31770629331374,-0.606319385140896
23,Bahamas,BHS,"Inflación, precios al consumidor (% anual)",FP.CPI.TOTL.ZG,1.51820700736153,2.26586346678726,2.49123527368055,0.0385210980053727,2.90491262928479
24,Bosnia y Herzegovina,BIH,"Inflación, precios al consumidor (% anual)",FP.CPI.TOTL.ZG,0.810133321953047,1.41710814018026,0.562782154061303,-1.05129600763481,1.98163900587616
25,Belarús,BLR,"Inflación, precios al consumidor (% anual)",FP.CPI.TOTL.ZG,6.0318372517779,4.87230220550689,5.59815595039851,5.54814357456511,9.46028389623105
26,Belice,BLZ,"Inflación, precios al consumidor (% anual)",FP.CPI.TOTL.ZG,1.14765339305809,0.269982622646432,0.187069385181357,0.12143464461496,3.23563659237067
27,Bermudas,BMU,"Inflación, precios al consumidor (% anual)",FP.CPI.TOTL.ZG,,,,,
28,Bolivia,BOL,"Inflación, precios al consumidor (% anual)",FP.CPI.TOTL.ZG,2.8227580554717,2.27205987230148,1.83954504969032,0.940742153381823,0.737383721452315
29,Brasil,BRA,"Inflación, precios al consumidor (% anual)",FP.CPI.TOTL.ZG,3.44637335032672,3.66485028376724,3.73297621216894,3.21176803803379,8.30165975585676
30,Barbados,BRB,"Inflación, precios al consumidor (% anual)",FP.CPI.TOTL.ZG,4.66018463955997,3.67381410406798,4.10028964518463,,
31,Brunei Darussalam,BRN,"Inflación, precios al consumidor (% anual)",FP.CPI.TOTL.ZG,-1.26050564628963,1.02505179290213,-0.390522069165492,1.94031996607178,1.73341388450597
32,Bhután,BTN,"Inflación, precios al consumidor (% anual)",FP.CPI.TOTL.ZG,4.9550836698513,2.72396386183716,2.72582104307304,5.62999177986902,7.34683859830958
33,Botswana,BWA,"Inflación, precios al consumidor (% anual)",FP.CPI.TOTL.ZG,3.30828076768219,3.2380155894771,2.7728644286333,1.89035916824198,7.24097765588449
34,República Centroafricana,CAF,"Inflación, precios al consumidor (% anual)",FP.CPI.TOTL.ZG,4.18072331871272,1.61215686991555,2.68537355266785,1.71015659523149,4.25936417542871
35,Canadá,CAN,"Inflación, precios al consumidor (% anual)",FP.CPI.TOTL.ZG,1.5968841285297,2.268225672481,1.94926902411596,0.716999632307852,3.39519318527532
36,Europa Central y del Báltico,CEB,"Inflación, precios al consumidor (% anual)",FP.CPI.TOTL.ZG,2.07593553673862,2.53445424186602,2.66456133425443,1.67244096855762,3.8398449150015
37,Suiza,CHE,"Inflación, precios al consumidor (% anual)",FP.CPI.TOTL.ZG,0.533787839825886,0.936335464113605,0.362886179940635,-0.725874933313391,0.581814168489875
38,Islas del Canal,CHI,"Inflación, precios al consumidor (% anual)",FP.CPI.TOTL.ZG,,,,,
39,Chile,CHL,"Inflación, precios al consumidor (% anual)",FP.CPI.TOTL.ZG,2.18271846868523,2.43488981353058,2.55754475703323,3.04549084804331,4.52456838259136
40,China,CHN,"Inflación, precios al consumidor (% anual)",FP.CPI.TOTL.ZG,1.59313600071434,2.07479039965578,2.89923416358227,2.4194218945778,0.981015135544851
41,Côte d'Ivoire,CIV,"Inflación, precios al consumidor (% anual)",FP.CPI.TOTL.ZG,0.685881065304644,0.359409031380664,-1.10686343994202,2.42500656821829,4.09195189692858
42,Camerún,CMR,"Inflación, precios al consumidor (% anual)",FP.CPI.TOTL.ZG,0.64267352185089,1.0742994515814,2.45280214062733,2.43760882182242,2.27185762503631
43,"Congo, República Democrática del",COD,"Inflación, precios al consumidor (% anual)",FP.CPI.TOTL.ZG,,,,,
44,"Congo, República del",COG,"Inflación, precios al consumidor (% anual)",FP.CPI.TOTL.ZG,0.450063823285551,1.15277896375521,2.20607305781519,1.79537147083111,1.71564275451263
45,Colombia,COL,"Inflación, precios al consumidor (% anual)",FP.CPI.TOTL.ZG,4.31431325695007,3.24056932930567,3.52301932741443,2.52663500084712,3.49505757399453
46,Comoras,COM,"Inflación, precios al consumidor (% anual)",FP.CPI.TOTL.ZG,,,,,
47,Cabo Verde,CPV,"Inflación, precios al consumidor (% anual)",FP.CPI.TOTL.ZG,0.784415251101353,1.25699566690509,1.1066667429606,0.60579580839551,1.86215297494637
48,Costa Rica,CRI,"Inflación, precios al consumidor (% anual)",FP.CPI.TOTL.ZG,1.62590692991729,2.22111461526584,2.09604635327805,0.724911478131358,1.72647755109235
49,Estados pequeos del Caribe,CSS,"Inflación, precios al consumidor (% anual)",FP.CPI.TOTL.ZG,1.8803844018353,1.24500040905261,1.21594945605107,0.0799778713101663,2.41070312174385
50,Cuba,CUB,"Inflación, precios al consumidor (% anual)",FP.CPI.TOTL.ZG,,,,,
51,Curacao,CUW,"Inflación, precios al consumidor (% anual)",FP.CPI.TOTL.ZG,1.58558801700291,2.58368756641871,2.62220783425056,,
52,Islas Caimán,CYM,"Inflación, precios al consumidor (% anual)",FP.CPI.TOTL.ZG,,,,,
53,Chipre,CYP,"Inflación, precios al consumidor (% anual)",FP.CPI.TOTL.ZG,0.5317664961745,1.43549119531762,0.250370996758456,-0.638422797978907,2.44608867175472
54,República Checa,CZE,"Inflación, precios al consumidor (% anual)",FP.CPI.TOTL.ZG,2.45053398460138,2.14949494949492,2.84787595918047,3.16129528497808,3.8398449150015
55,Alemania,DEU,"Inflación, precios al consumidor (% anual)",FP.CPI.TOTL.ZG,1.50949655801608,1.73216766075662,1.4456670146976,0.506689889953274,3.14296967309964
56,Djibouti,DJI,"Inflación, precios al consumidor (% anual)",FP.CPI.TOTL.ZG,0.568112117084679,0.147970849877116,3.31925372703833,1.77740783806174,
57,Dominica,DMA,"Inflación, precios al consumidor (% anual)",FP.CPI.TOTL.ZG,0.296252889279557,0.989191119189815,1.50462353858147,-0.727116412668306,
58,Dinamarca,DNK,"Inflación, precios al consumidor (% anual)",FP.CPI.TOTL.ZG,1.14713216957606,0.813609467455633,0.758131572511619,0.420711974110026,1.85304543989687
59,República Dominicana,DOM,"Inflación, precios al consumidor (% anual)",FP.CPI.TOTL.ZG,3.27955694678546,3.56443426013507,1.8106037704296,3.78103179915516,8.24300347981817
60,Argelia,DZA,"Inflación, precios al consumidor (% anual)",FP.CPI.TOTL.ZG,5.59111590961673,4.26999020467078,1.95176821052894,2.41513094083414,7.22606307415476
61,Asia oriental y el Pacífico (excluido altos ingresos),EAP,"Inflación, precios al consumidor (% anual)",FP.CPI.TOTL.ZG,2.88291164981209,2.82871578471268,1.85783841646689,2.39316239316241,2.54479213620967
62,inicial del dividendo demográfico,EAR,"Inflación, precios al consumidor (% anual)",FP.CPI.TOTL.ZG,3.32817337461301,3.95721831216162,2.7598087347445,3.08679294765088,4.27166381536796
63,Asia oriental y el Pacífico,EAS,"Inflación, precios al consumidor (% anual)",FP.CPI.TOTL.ZG,1.80034222468628,2.31260343301557,1.62724367098146,0.846905537459293,2.47710241465444
64,Europa y Asia central (excluido altos ingresos),ECA,"Inflación, precios al consumidor (% anual)",FP.CPI.TOTL.ZG,3.42931965396085,2.6132342483073,2.88986073718333,2.74615078213773,6.65029912708779
65,Europa y Asia central,ECS,"Inflación, precios al consumidor (% anual)",FP.CPI.TOTL.ZG,1.91558846458256,2.02805963071136,1.78415097403832,1.20007348888482,3.19017771027091
66,Ecuador,ECU,"Inflación, precios al consumidor (% anual)",FP.CPI.TOTL.ZG,0.417335588666803,-0.224103246005465,0.266012515466136,-0.338872392562274,0.133251386096455
67,"Egipto, República Árabe de",EGY,"Inflación, precios al consumidor (% anual)",FP.CPI.TOTL.ZG,29.5066083940039,14.4014657807421,9.15279959324812,5.04493288977533,5.21404940513043
68,Zona del Euro,EMU,"Inflación, precios al consumidor (% anual)",FP.CPI.TOTL.ZG,1.3814587140721,1.70349794744475,1.4456670146976,0.290554555653313,2.44608867175472
69,Eritrea,ERI,"Inflación, precios al consumidor (% anual)",FP.CPI.TOTL.ZG,,,,,
70,España,ESP,"Inflación, precios al consumidor (% anual)",FP.CPI.TOTL.ZG,1.95607633363964,1.67498136863794,0.699518994458693,-0.322753017299705,3.09313511976406
71,Estonia,EST,"Inflación, precios al consumidor (% anual)",FP.CPI.TOTL.ZG,3.41723549488057,3.43632688420445,2.27725931243518,-0.444531097679859,4.65316673847481
72,Etiopía,ETH,"Inflación, precios al consumidor (% anual)",FP.CPI.TOTL.ZG,10.6871150284238,13.8330356586661,15.8096321719345,20.3563468559061,26.8395221557722
73,Unión Europea,EUU,"Inflación, precios al consumidor (% anual)",FP.CPI.TOTL.ZG,1.42910743319297,1.73860861988181,1.63052260754338,0.497367318853562,2.55450699642046
74,Frágiles y situaciones de conflicto afectados,FCS,"Inflación, precios al consumidor (% anual)",FP.CPI.TOTL.ZG,2.7963731887128,2.96760366004454,2.45280214062733,2.9308718405117,4.48359014042394
75,Finlandia,FIN,"Inflación, precios al consumidor (% anual)",FP.CPI.TOTL.ZG,0.754015047084413,1.08382098409299,1.02409392963429,0.290554555653313,2.19457432339993
76,Fiji,FJI,"Inflación, precios al consumidor (% anual)",FP.CPI.TOTL.ZG,3.34757834757835,4.08147637644538,1.7731018246027,-2.5952432588737,0.155855722131493
77,Francia,FRA,"Inflación, precios al consumidor (% anual)",FP.CPI.TOTL.ZG,1.03228275064674,1.85081508315494,1.10825492288292,0.476498852725083,1.64233141038392
78,Islas Feroe,FRO,"Inflación, precios al consumidor (% anual)",FP.CPI.TOTL.ZG,,,,,
79,Micronesia (Estados Federados de),FSM,"Inflación, precios al consumidor (% anual)",FP.CPI.TOTL.ZG,0.689027978925107,1.79400375972253,1.53907146098899,0.550898203592806,
80,Gabón,GAB,"Inflación, precios al consumidor (% anual)",FP.CPI.TOTL.ZG,2.65192583143898,4.74906652083221,2.46456756151187,1.17681176042119,
81,Reino Unido,GBR,"Inflación, precios al consumidor (% anual)",FP.CPI.TOTL.ZG,2.55775577557754,2.29283990345939,1.73810460086511,0.98948670377243,2.51837109614205
82,Georgia,GEO,"Inflación, precios al consumidor (% anual)",FP.CPI.TOTL.ZG,6.03531725272117,2.61524471397664,4.85289821696731,5.2024648897533,9.56691433824767
83,Ghana,GHA,"Inflación, precios al consumidor (% anual)",FP.CPI.TOTL.ZG,12.3719215507048,7.80876516610709,7.14364003330856,9.88728956269943,9.97108867504441
84,Gibraltar,GIB,"Inflación, precios al consumidor (% anual)",FP.CPI.TOTL.ZG,,,,,
85,Guinea,GIN,"Inflación, precios al consumidor (% anual)",FP.CPI.TOTL.ZG,8.91452597036354,9.82600180777342,9.47077937313535,10.6018600008336,12.5970695076018
86,Gambia,GMB,"Inflación, precios al consumidor (% anual)",FP.CPI.TOTL.ZG,8.0341897454591,6.52096823946571,7.11567625631191,5.93127636562439,7.37034758876615
87,Guinea-Bissau,GNB,"Inflación, precios al consumidor (% anual)",FP.CPI.TOTL.ZG,1.69111461822295,0.381324702791038,0.246600268147853,1.14000939393218,2.24248879577662
88,Guinea Ecuatorial,GNQ,"Inflación, precios al consumidor (% anual)",FP.CPI.TOTL.ZG,0.745599218497516,1.34988438751676,1.23869860205109,4.76970498098298,
89,Grecia,GRC,"Inflación, precios al consumidor (% anual)",FP.CPI.TOTL.ZG,1.12125452031427,0.625621413453588,0.25300752203812,-1.24798355581408,1.22382501019855
90,Granada,GRD,"Inflación, precios al consumidor (% anual)",FP.CPI.TOTL.ZG,0.908458255874211,0.804102313277037,0.59814976473601,-0.740732597045501,1.21951193916844
91,Groenlandia,GRL,"Inflación, precios al consumidor (% anual)",FP.CPI.TOTL.ZG,,,,,
92,Guatemala,GTM,"Inflación, precios al consumidor (% anual)",FP.CPI.TOTL.ZG,4.42453655182543,3.75186186704512,3.69998398008601,3.21444062197346,4.26105127422819
93,Guam,GUM,"Inflación, precios al consumidor (% anual)",FP.CPI.TOTL.ZG,,,,,
94,Guyana,GUY,"Inflación, precios al consumidor (% anual)",FP.CPI.TOTL.ZG,1.90465615515582,1.28284288443518,2.0872308916202,0.993337022838757,5.03285574626696
95,Ingreso alto,HIC,"Inflación, precios al consumidor (% anual)",FP.CPI.TOTL.ZG,1.55189751218222,1.83188332429087,1.57083175721512,0.537288023411772,2.5083522147377
96,"Hong Kong, Región Administrativa Especial",HKG,"Inflación, precios al consumidor (% anual)",FP.CPI.TOTL.ZG,1.49387243939527,2.40613432046539,2.8832085377399,0.250962021080809,1.56875834445927
97,Honduras,HND,"Inflación, precios al consumidor (% anual)",FP.CPI.TOTL.ZG,3.93436084442035,4.34734937777536,4.36587159819272,3.46841177951168,4.48087963413448
98,Países pobres muy endeudados (PPME),HPC,"Inflación, precios al consumidor (% anual)",FP.CPI.TOTL.ZG,4.9759515055383,3.04891482875157,2.68537355266785,3.3018067617141,4.25936417542871
99,Croacia,HRV,"Inflación, precios al consumidor (% anual)",FP.CPI.TOTL.ZG,1.12937210282344,1.50012501041753,0.771820346498083,0.154811374562028,2.55450699642046
100,Haití,HTI,"Inflación, precios al consumidor (% anual)",FP.CPI.TOTL.ZG,10.6800887242583,12.4814111170435,18.7037825672506,22.7963113642528,16.8415240198785
101,Hungría,HUN,"Inflación, precios al consumidor (% anual)",FP.CPI.TOTL.ZG,2.34824281150159,2.85024792594642,3.3385863538201,3.3267438576673,5.11096534382858
102,Sólo BIRF,IBD,"Inflación, precios al consumidor (% anual)",FP.CPI.TOTL.ZG,3.32389447576096,3.12170019449739,2.57778048007199,2.47302844771246,4.39811609897966
103,BIRF y la AIF,IBT,"Inflación, precios al consumidor (% anual)",FP.CPI.TOTL.ZG,3.33787586109568,3.04891482875157,2.61057182799216,2.94029514263973,4.27166381536796
104,total de la AIF,IDA,"Inflación, precios al consumidor (% anual)",FP.CPI.TOTL.ZG,3.62709610696609,3.04891482875157,2.68537355266785,3.31332289544493,4.25936417542871
105,mezcla de la AIF,IDB,"Inflación, precios al consumidor (% anual)",FP.CPI.TOTL.ZG,0.908458255874211,2.32414485367923,2.20607305781519,2.11649014632676,2.41070312174385
106,Indonesia,IDN,"Inflación, precios al consumidor (% anual)",FP.CPI.TOTL.ZG,3.80879806953163,3.19834641562404,3.03058664969491,1.92096800566845,1.56012990525685
107,Sólo AIF,IDX,"Inflación, precios al consumidor (% anual)",FP.CPI.TOTL.ZG,4.05754208156653,3.25519483924451,2.74417061846705,3.46841177951168,4.37012190478159
108,Isla de Man,IMN,"Inflación, precios al consumidor (% anual)",FP.CPI.TOTL.ZG,,,,,
109,India,IND,"Inflación, precios al consumidor (% anual)",FP.CPI.TOTL.ZG,3.32817337461301,3.93882646691634,3.72950573539126,6.62343677628532,5.13140747176369
110,No clasificado,INX,"Inflación, precios al consumidor (% anual)",FP.CPI.TOTL.ZG,,,,,
111,Irlanda,IRL,"Inflación, precios al consumidor (% anual)",FP.CPI.TOTL.ZG,0.340531561461793,0.488370168032449,0.939044481054341,-0.334584625428444,2.35814296241712
112,"Irán, República Islámica del",IRN,"Inflación, precios al consumidor (% anual)",FP.CPI.TOTL.ZG,8.04492437660281,18.0141183371874,39.9073455697783,30.5941390387295,43.3890162681516
113,Iraq,IRQ,"Inflación, precios al consumidor (% anual)",FP.CPI.TOTL.ZG,0.18405889884764,0.36744148893681,-0.198965380023871,0.574162679425838,6.04186489058039
114,Islandia,ISL,"Inflación, precios al consumidor (% anual)",FP.CPI.TOTL.ZG,1.76041559180606,2.68291768267388,3.01397179156056,2.84792401518658,4.44423970189747
115,Israel,ISR,"Inflación, precios al consumidor (% anual)",FP.CPI.TOTL.ZG,0.244953121040659,0.817323896191417,0.844128708733833,-0.588430300016595,1.49228845352231
116,Italia,ITA,"Inflación, precios al consumidor (% anual)",FP.CPI.TOTL.ZG,1.22653316645808,1.13748763600395,0.611246943765291,-0.13770757391657,1.87378325762491
117,Jamaica,JAM,"Inflación, precios al consumidor (% anual)",FP.CPI.TOTL.ZG,4.3783986499156,3.7366388215216,3.90510000865876,5.22677779293517,5.86278242801063
118,Jordania,JOR,"Inflación, precios al consumidor (% anual)",FP.CPI.TOTL.ZG,3.32389447576096,4.46231108475485,0.761514047265513,0.33329435062843,1.34609377243118
119,Japón,JPN,"Inflación, precios al consumidor (% anual)",FP.CPI.TOTL.ZG,0.484199796126387,0.989094598021806,0.468776159383912,-0.0249958340276592,-0.233352779398279
120,Kazajstán,KAZ,"Inflación, precios al consumidor (% anual)",FP.CPI.TOTL.ZG,7.44000437325754,6.01913096570673,5.24547679608388,6.74900183815967,
121,Kenya,KEN,"Inflación, precios al consumidor (% anual)",FP.CPI.TOTL.ZG,8.0057227913467,4.68981976129857,5.23585999425422,5.40481467184518,6.11090916378165
122,Kirguistán,KGZ,"Inflación, precios al consumidor (% anual)",FP.CPI.TOTL.ZG,3.1753098637994,1.54266145238431,1.13362257718798,6.32542296338083,11.9050398185147
123,Camboya,KHM,"Inflación, precios al consumidor (% anual)",FP.CPI.TOTL.ZG,2.9126355737148,2.45908515380133,1.94257500833109,2.94029514263973,2.9207347759295
124,Kiribati,KIR,"Inflación, precios al consumidor (% anual)",FP.CPI.TOTL.ZG,0.355520888546853,0.564030491493466,-1.81307995302948,,
125,Saint Kitts y Nevis,KNA,"Inflación, precios al consumidor (% anual)",FP.CPI.TOTL.ZG,0.694916711613505,-1.03712214131567,-0.329562063663904,-1.16724501769362,1.19568887038397
126,"Corea, República de",KOR,"Inflación, precios al consumidor (% anual)",FP.CPI.TOTL.ZG,1.94433230786365,1.47583935002643,0.383000303608079,0.537288023411772,2.49833333333334
127,Kuwait,KWT,"Inflación, precios al consumidor (% anual)",FP.CPI.TOTL.ZG,2.17183298510008,0.543133148199589,1.09184802655847,2.1017295482741,3.42362947609175
128,América Latina y el Caribe (excluido altos ingresos),LAC,"Inflación, precios al consumidor (% anual)",FP.CPI.TOTL.ZG,3.13722870243996,2.32414485367923,2.09604635327805,1.88496399057989,4.27166381536796
129,República Democrática Popular Lao,LAO,"Inflación, precios al consumidor (% anual)",FP.CPI.TOTL.ZG,0.82547860756813,2.04039266890198,3.32255881256934,5.10407262959903,3.75562036658905
130,Líbano,LBN,"Inflación, precios al consumidor (% anual)",FP.CPI.TOTL.ZG,4.32135218303198,6.07698907889605,3.0053894939038,84.8643330472041,154.756096023393
131,Liberia,LBR,"Inflación, precios al consumidor (% anual)",FP.CPI.TOTL.ZG,12.4196323907137,23.5635148953742,,,
132,Libia,LBY,"Inflación, precios al consumidor (% anual)",FP.CPI.TOTL.ZG,,,,,
133,Santa Lucía,LCA,"Inflación, precios al consumidor (% anual)",FP.CPI.TOTL.ZG,0.104262078958419,1.93561893150608,0.539087559191731,-1.75580833517596,2.41070312174385
134,América Latina y el Caribe,LCN,"Inflación, precios al consumidor (% anual)",FP.CPI.TOTL.ZG,2.19201010963043,2.32414485367923,2.25212191358024,0.993337022838757,3.87805442411136
135,Países menos desarrollados: clasificación de las Naciones Unidas,LDC,"Inflación, precios al consumidor (% anual)",FP.CPI.TOTL.ZG,4.9655175876948,3.47796666914965,3.09342088075371,4.72112056742577,4.90250924158173
136,Países de ingreso bajo,LIC,"Inflación, precios al consumidor (% anual)",FP.CPI.TOTL.ZG,8.15686323403368,4.09297819300638,2.86758803446909,5.19771036897651,5.7503690895717
137,Liechtenstein,LIE,"Inflación, precios al consumidor (% anual)",FP.CPI.TOTL.ZG,,,,,
138,Sri Lanka,LKA,"Inflación, precios al consumidor (% anual)",FP.CPI.TOTL.ZG,7.70413767850603,2.13503773713198,3.52839358231809,6.15394508391743,7.01478071238186
139,Países de ingreso mediano bajo,LMC,"Inflación, precios al consumidor (% anual)",FP.CPI.TOTL.ZG,3.71794708824886,3.99999492721352,3.03058664969491,3.68181341625573,4.70600205495677
140,Ingreso mediano y bajo,LMY,"Inflación, precios al consumidor (% anual)",FP.CPI.TOTL.ZG,3.60247741348939,3.20720012353492,2.70559729787044,2.95192253170021,4.27166381536796
141,Lesotho,LSO,"Inflación, precios al consumidor (% anual)",FP.CPI.TOTL.ZG,4.44769937376299,4.75180301624742,5.18708359197993,4.97809676252292,6.04774591950681
142,avanzada del dividendo demográfico,LTE,"Inflación, precios al consumidor (% anual)",FP.CPI.TOTL.ZG,2.17727572689266,2.47446347118433,2.16176258133052,1.94031996607178,3.45934352504314
143,Lituania,LTU,"Inflación, precios al consumidor (% anual)",FP.CPI.TOTL.ZG,3.72288862303693,2.69792779208397,2.33450937988024,1.19989444983569,4.68354420903459
144,Luxemburgo,LUX,"Inflación, precios al consumidor (% anual)",FP.CPI.TOTL.ZG,1.73079959118897,1.52819524307373,1.74332075653843,0.819957302126994,2.52692009066169
145,Letonia,LVA,"Inflación, precios al consumidor (% anual)",FP.CPI.TOTL.ZG,2.93036312374664,2.53445424186602,2.81140920075622,0.219064904842049,3.27582937431157
146,"Región Administrativa Especial de Macao, China",MAC,"Inflación, precios al consumidor (% anual)",FP.CPI.TOTL.ZG,1.22812404052807,3.00446293166949,2.75193081051976,0.81141051149158,
147,Isla de San Martín (parte francesa),MAF,"Inflación, precios al consumidor (% anual)",FP.CPI.TOTL.ZG,,,,,
148,Marruecos,MAR,"Inflación, precios al consumidor (% anual)",FP.CPI.TOTL.ZG,0.754663249323633,1.8039167114189,0.303386036590361,0.705968661338317,1.4019588396201
149,Mónaco,MCO,"Inflación, precios al consumidor (% anual)",FP.CPI.TOTL.ZG,,,,,
150,República de Moldova,MDA,"Inflación, precios al consumidor (% anual)",FP.CPI.TOTL.ZG,6.57022997455605,3.04505397337073,4.83778351428719,3.76597122245352,5.10641129002835
151,Madagascar,MDG,"Inflación, precios al consumidor (% anual)",FP.CPI.TOTL.ZG,8.60905075422951,8.59422958870474,5.61051441492366,4.20179312190553,5.81225118787723
152,Maldivas,MDV,"Inflación, precios al consumidor (% anual)",FP.CPI.TOTL.ZG,2.81747338234507,-0.133373386117525,0.220029731065343,-1.3697742556981,0.543149688736981
153,Oriente Medio y Norte de África,MEA,"Inflación, precios al consumidor (% anual)",FP.CPI.TOTL.ZG,1.49193945456787,1.94579304594436,1.04883403678989,0.672256809057485,2.68387777341776
154,México,MEX,"Inflación, precios al consumidor (% anual)",FP.CPI.TOTL.ZG,6.04145724018992,4.89935015356549,3.6359614212705,3.39683415569999,5.68920847683764
155,Islas Marshall,MHL,"Inflación, precios al consumidor (% anual)",FP.CPI.TOTL.ZG,,,,,
156, Ingreso mediano,MIC,"Inflación, precios al consumidor (% anual)",FP.CPI.TOTL.ZG,3.32389447576096,3.1236306221878,2.61057182799216,2.5641177087669,4.26105127422819
157,Macedonia del Norte,MKD,"Inflación, precios al consumidor (% anual)",FP.CPI.TOTL.ZG,1.3516188967744,1.45831298507127,0.766439573459688,1.20007348888482,3.23074912132919
158,Malí,MLI,"Inflación, precios al consumidor (% anual)",FP.CPI.TOTL.ZG,1.75985742927153,0.299546507387888,-1.65826694846368,0.438088940320712,3.92560283104272
159,Malta,MLT,"Inflación, precios al consumidor (% anual)",FP.CPI.TOTL.ZG,1.3643544815071,1.15782362451512,1.64206001768947,0.638544956776653,1.49789217934737
160,Myanmar,MMR,"Inflación, precios al consumidor (% anual)",FP.CPI.TOTL.ZG,4.57253655317505,6.87232865662918,8.82506696804562,,
161,Oriente Medio y Norte de África (excluido altos ingresos),MNA,"Inflación, precios al consumidor (% anual)",FP.CPI.TOTL.ZG,3.82262332939647,4.36615064471281,2.47857885221637,2.09626938944794,5.70635020830702
162,Montenegro,MNE,"Inflación, precios al consumidor (% anual)",FP.CPI.TOTL.ZG,2.38023599053136,2.61122378263797,0.361563704540798,-0.255655699848551,2.41080198403167
163,Mongolia,MNG,"Inflación, precios al consumidor (% anual)",FP.CPI.TOTL.ZG,4.30143105302342,6.82424790145521,7.30106953550724,3.79604026111249,7.35281243380224
164,Mariana,MNP,"Inflación, precios al consumidor (% anual)",FP.CPI.TOTL.ZG,,,,,
165,Mozambique,MOZ,"Inflación, precios al consumidor (% anual)",FP.CPI.TOTL.ZG,15.1132073899385,3.91133439990733,2.78110631182942,3.14169129409215,5.68848699126617
166,Mauritania,MRT,"Inflación, precios al consumidor (% anual)",FP.CPI.TOTL.ZG,2.27503457252097,3.04891482875157,2.30009262117938,2.38569488456317,3.56516484650187
167,Mauricio,MUS,"Inflación, precios al consumidor (% anual)",FP.CPI.TOTL.ZG,3.66699702675917,3.2160538314458,0.405655190309511,2.58080077182828,4.02852888157379
168,Malawi,MWI,"Inflación, precios al consumidor (% anual)",FP.CPI.TOTL.ZG,11.543393918877,12.420178108921,9.37083605605672,8.62551469650552,
169,Malasia,MYS,"Inflación, precios al consumidor (% anual)",FP.CPI.TOTL.ZG,3.8712011577424,0.884709160571244,0.662891865764376,-1.13870215393056,2.47710241465444
170,América del Norte,NAC,"Inflación, precios al consumidor (% anual)",FP.CPI.TOTL.ZG,1.86349706609467,2.35540448470459,1.88073954968806,0.975292014307111,4.04652602445636
171,Namibia,NAM,"Inflación, precios al consumidor (% anual)",FP.CPI.TOTL.ZG,6.14579981111162,4.29159105337873,3.72239414422688,2.20938236933476,3.61690530108811
172,Nueva Caledonia,NCL,"Inflación, precios al consumidor (% anual)",FP.CPI.TOTL.ZG,,,,,
173,Níger,NER,"Inflación, precios al consumidor (% anual)",FP.CPI.TOTL.ZG,2.7963731887128,2.96760366004454,-2.48979265070851,2.89819376026271,3.83786802840503
174,Nigeria,NGA,"Inflación, precios al consumidor (% anual)",FP.CPI.TOTL.ZG,16.5235399802169,12.0947315505318,11.3967949687168,13.2460234276597,16.9528457221608
175,Nicaragua,NIC,"Inflación, precios al consumidor (% anual)",FP.CPI.TOTL.ZG,3.85067166284725,4.94723728039882,5.3762899084413,3.68181341625573,4.92841396948961
176,Países Bajos,NLD,"Inflación, precios al consumidor (% anual)",FP.CPI.TOTL.ZG,1.3814587140721,1.70349794744475,2.63369910249593,1.2724603778917,2.67572008805381
177,Noruega,NOR,"Inflación, precios al consumidor (% anual)",FP.CPI.TOTL.ZG,1.87510059552548,2.76483134528794,2.16773003305405,1.28658490707998,3.48388055266678
178,Nepal,NPL,"Inflación, precios al consumidor (% anual)",FP.CPI.TOTL.ZG,3.62709610696609,4.0611633875107,5.56868547784925,5.05236655289216,4.08791045882441
179,Nauru,NRU,"Inflación, precios al consumidor (% anual)",FP.CPI.TOTL.ZG,,,,,
180,Nueva Zelandia,NZL,"Inflación, precios al consumidor (% anual)",FP.CPI.TOTL.ZG,1.85078767452532,1.59829703801698,1.61963190184049,1.71456170007244,3.94112060778728
181,Miembros OCDE,OED,"Inflación, precios al consumidor (% anual)",FP.CPI.TOTL.ZG,1.82264336059064,1.93246812286361,1.74071267870177,0.732851645175872,2.8152885443583
182,Omán,OMN,"Inflación, precios al consumidor (% anual)",FP.CPI.TOTL.ZG,1.59716060337177,0.881302104009536,0.133795057453182,-0.903874872278535,1.54663705583755
183,Otros Estados pequeos,OSS,"Inflación, precios al consumidor (% anual)",FP.CPI.TOTL.ZG,2.38023599053136,2.64707073265592,1.64206001768947,1.77740783806174,2.44608867175472
184,Pakistán,PAK,"Inflación, precios al consumidor (% anual)",FP.CPI.TOTL.ZG,4.08537368032604,5.07805725868917,10.5783618004555,9.73999313898131,9.49621056124979
185,Panamá,PAN,"Inflación, precios al consumidor (% anual)",FP.CPI.TOTL.ZG,0.875585918759888,0.761578359399943,-0.355083821021212,-1.55027540803759,1.63070337301891
186,Perú,PER,"Inflación, precios al consumidor (% anual)",FP.CPI.TOTL.ZG,2.99490045809446,1.50915423024742,2.25212191358024,2.00241205759293,4.27166381536796
187,Filipinas,PHL,"Inflación, precios al consumidor (% anual)",FP.CPI.TOTL.ZG,2.85318772590939,5.30934661627714,2.39206534422402,2.39316239316241,3.92718022100326
188,Palau,PLW,"Inflación, precios al consumidor (% anual)",FP.CPI.TOTL.ZG,1.41798819666923,2.10970464135021,0.267379679144381,0.218181818181824,2.61248185776489
189,Papua Nueva Guinea,PNG,"Inflación, precios al consumidor (% anual)",FP.CPI.TOTL.ZG,5.42204568023833,4.37448921453166,3.92867290939598,4.87167398565548,4.48359014042394
190,Polonia,POL,"Inflación, precios al consumidor (% anual)",FP.CPI.TOTL.ZG,2.07593553673862,1.81295156542681,2.227478809383,3.3744697261859,5.05502704719268
191,previa al dividendo demográfico,PRE,"Inflación, precios al consumidor (% anual)",FP.CPI.TOTL.ZG,4.9759515055383,2.96760366004454,2.37758732789788,3.3018067617141,4.97392558334744
192,Puerto Rico,PRI,"Inflación, precios al consumidor (% anual)",FP.CPI.TOTL.ZG,,,,,
193,"Corea, República Popular Democrática de",PRK,"Inflación, precios al consumidor (% anual)",FP.CPI.TOTL.ZG,,,,,
194,Portugal,PRT,"Inflación, precios al consumidor (% anual)",FP.CPI.TOTL.ZG,1.36861411643481,0.99371568346825,0.338178410046125,-0.0124383299576167,1.2656571906905
195,Paraguay,PRY,"Inflación, precios al consumidor (% anual)",FP.CPI.TOTL.ZG,3.60247741348939,3.97561015740691,2.75709727562792,1.76751592356686,4.78798310123612
196,Ribera Occidental y Gaza,PSE,"Inflación, precios al consumidor (% anual)",FP.CPI.TOTL.ZG,0.212570934228834,-0.195107773730686,1.58018333639459,-0.735332001092242,1.23748102831382
197,Estados pequeos de las Islas del Pacfico,PSS,"Inflación, precios al consumidor (% anual)",FP.CPI.TOTL.ZG,1.58394248575823,2.89621932270308,1.35930740460351,0.218181818181824,2.47788271992722
198,posterior al dividendo demográfico,PST,"Inflación, precios al consumidor (% anual)",FP.CPI.TOTL.ZG,1.73079959118897,1.73860861988181,1.61963190184049,0.632267331911676,2.51837109614205
199,Polinesia Francesa,PYF,"Inflación, precios al consumidor (% anual)",FP.CPI.TOTL.ZG,,,,,
200,Qatar,QAT,"Inflación, precios al consumidor (% anual)",FP.CPI.TOTL.ZG,0.394878914082996,0.255815382724374,-0.666641124861102,-2.54031503004763,2.30446565742003
201,Rumania,ROU,"Inflación, precios al consumidor (% anual)",FP.CPI.TOTL.ZG,1.33902121104396,4.62548443137781,3.82785432599428,2.63107311184752,5.05232876096582
202,Federación de Rusia,RUS,"Inflación, precios al consumidor (% anual)",FP.CPI.TOTL.ZG,3.68332944412231,2.87829723647886,4.47036660760175,3.38165937237896,6.69445891957619
203,Rwanda,RWA,"Inflación, precios al consumidor (% anual)",FP.CPI.TOTL.ZG,8.27953672260826,-0.311210160390642,3.3478765503764,9.85039902274209,-0.391346748300792
204,Asia meridional,SAS,"Inflación, precios al consumidor (% anual)",FP.CPI.TOTL.ZG,4.52022867508867,3.33139516437675,3.62894965885468,5.6910747474621,5.54565430773474
205,Arabia Saudita,SAU,"Inflación, precios al consumidor (% anual)",FP.CPI.TOTL.ZG,-0.838194579675057,2.45814158007533,-2.09333333333333,3.44545825956691,3.06328988941548
206,Sudán,SDN,"Inflación, precios al consumidor (% anual)",FP.CPI.TOTL.ZG,32.3516260968437,63.2925073455883,50.9940515002971,150.322723865569,382.815998259943
207,Senegal,SEN,"Inflación, precios al consumidor (% anual)",FP.CPI.TOTL.ZG,1.31815314847782,0.46098564246427,1.75856517595659,2.54743464570552,
208,Singapur,SGP,"Inflación, precios al consumidor (% anual)",FP.CPI.TOTL.ZG,0.576260310166371,0.438620118446782,0.565260568780358,-0.181916666666656,2.30485959040487
209,Islas Salomón,SLB,"Inflación, precios al consumidor (% anual)",FP.CPI.TOTL.ZG,0.488686760260984,3.46147484973745,1.63485544012242,2.96354992076069,-0.1154378944128
210,Sierra Leona,SLE,"Inflación, precios al consumidor (% anual)",FP.CPI.TOTL.ZG,18.2215094003386,16.0295447693699,14.804999090602,13.4468711101053,11.8739588840234
211,El Salvador,SLV,"Inflación, precios al consumidor (% anual)",FP.CPI.TOTL.ZG,1.01235403315573,1.09033000581896,0.0753241350024327,-0.371590212323993,3.46692585313078
212,San Marino,SMR,"Inflación, precios al consumidor (% anual)",FP.CPI.TOTL.ZG,1.04597683468952,,,,
213,Somalia,SOM,"Inflación, precios al consumidor (% anual)",FP.CPI.TOTL.ZG,,,,,
214,Serbia,SRB,"Inflación, precios al consumidor (% anual)",FP.CPI.TOTL.ZG,3.13106248590119,1.95984076293803,1.8492298451109,1.57553290083409,4.08510285335103
215,África al sur del Sahara (excluido altos ingresos),SSA,"Inflación, precios al consumidor (% anual)",FP.CPI.TOTL.ZG,5.20971705914217,4.27462198610544,2.78110631182942,3.3018067617141,4.61167217803201
216,Sudán del Sur,SSD,"Inflación, precios al consumidor (% anual)",FP.CPI.TOTL.ZG,187.851630279442,83.5015294921999,87.2413641500032,29.6758435538571,10.5167158294359
217,África al sur del Sahara,SSF,"Inflación, precios al consumidor (% anual)",FP.CPI.TOTL.ZG,5.19698185340174,4.09297819300638,2.77698537023136,3.31332289544493,4.61167217803201
218,Pequeños Estados,SST,"Inflación, precios al consumidor (% anual)",FP.CPI.TOTL.ZG,1.82039999682068,2.28005326857485,1.43135598182989,0.615892757721104,2.4284453278932
219,Santo Tomé y Príncipe,STP,"Inflación, precios al consumidor (% anual)",FP.CPI.TOTL.ZG,5.69508878579428,7.85706431333533,,,
220,Suriname,SUR,"Inflación, precios al consumidor (% anual)",FP.CPI.TOTL.ZG,21.9969430173304,,,34.8929491585684,59.1117096483868
221,República Eslovaca,SVK,"Inflación, precios al consumidor (% anual)",FP.CPI.TOTL.ZG,1.31194588223234,2.51403712883808,2.66456133425443,1.9369412669422,3.14960629921263
222,Eslovenia,SVN,"Inflación, precios al consumidor (% anual)",FP.CPI.TOTL.ZG,1.42910743319297,1.73860861988181,1.63052260754338,-0.0548568157606067,1.91706506089267
223,Suecia,SWE,"Inflación, precios al consumidor (% anual)",FP.CPI.TOTL.ZG,1.79449904665596,1.95353530127029,1.78415097403832,0.497367318853562,2.16319736447149
224,Eswatini,SWZ,"Inflación, precios al consumidor (% anual)",FP.CPI.TOTL.ZG,6.22137528933114,4.81506167461507,2.59801620311075,,
225,Sint Maarten (Dutch part),SXM,"Inflación, precios al consumidor (% anual)",FP.CPI.TOTL.ZG,2.19201010963043,,,,
226,Seychelles,SYC,"Inflación, precios al consumidor (% anual)",FP.CPI.TOTL.ZG,2.85679575568451,3.70291839111564,2.07476436485001,8.27685811437228,
227,República Árabe Siria,SYR,"Inflación, precios al consumidor (% anual)",FP.CPI.TOTL.ZG,,,,,
228,Islas Turcas y Caicos,TCA,"Inflación, precios al consumidor (% anual)",FP.CPI.TOTL.ZG,,,,,
229,Chad,TCD,"Inflación, precios al consumidor (% anual)",FP.CPI.TOTL.ZG,-1.53709962980847,4.27462198610544,-0.971939175419353,4.46414437232863,-0.772844370359128
230,Asia oriental y el Pacífico (BIRF y la AIF),TEA,"Inflación, precios al consumidor (% anual)",FP.CPI.TOTL.ZG,2.88291164981209,2.82871578471268,1.85783841646689,2.39316239316241,2.54479213620967
231,Europa y Asia central (BIRF y la AIF),TEC,"Inflación, precios al consumidor (% anual)",FP.CPI.TOTL.ZG,3.13106248590119,2.61122378263797,2.67599202639892,2.7324920941942,5.08071916861052
232,Togo,TGO,"Inflación, precios al consumidor (% anual)",FP.CPI.TOTL.ZG,-0.980289495517403,0.928170503538593,0.685897590895539,1.82754038520035,
233,Tailandia,THA,"Inflación, precios al consumidor (% anual)",FP.CPI.TOTL.ZG,0.66563189313507,1.06389754183022,0.70672860131428,-0.845937147357037,1.23039541318382
234,Tayikistán,TJK,"Inflación, precios al consumidor (% anual)",FP.CPI.TOTL.ZG,,,,,
235,Turkmenistán,TKM,"Inflación, precios al consumidor (% anual)",FP.CPI.TOTL.ZG,,,,,
236,América Latina y el Caribe (BIRF y la AIF),TLA,"Inflación, precios al consumidor (% anual)",FP.CPI.TOTL.ZG,2.62762297294268,2.27205987230148,2.0872308916202,1.38042647320281,4.26105127422819
237,Timor-Leste,TLS,"Inflación, precios al consumidor (% anual)",FP.CPI.TOTL.ZG,0.522976680384116,2.29424307036244,0.958812739703201,,
238,Oriente Medio y Norte de África (BIRF y la AIF),TMN,"Inflación, precios al consumidor (% anual)",FP.CPI.TOTL.ZG,4.32135218303198,4.46231108475485,3.0053894939038,2.41513094083414,5.87410754944371
239,Tonga,TON,"Inflación, precios al consumidor (% anual)",FP.CPI.TOTL.ZG,7.5170628355112,5.03209691984875,1.17954334821804,-0.349737696727454,5.64051140636751
240,Asia meridional (BIRF y la AIF),TSA,"Inflación, precios al consumidor (% anual)",FP.CPI.TOTL.ZG,4.52022867508867,3.33139516437675,3.62894965885468,5.6910747474621,5.54565430773474
241,África al sur del Sahara (BIRF y la AIF),TSS,"Inflación, precios al consumidor (% anual)",FP.CPI.TOTL.ZG,5.19698185340174,4.09297819300638,2.77698537023136,3.31332289544493,4.61167217803201
242,Trinidad y Tobago,TTO,"Inflación, precios al consumidor (% anual)",FP.CPI.TOTL.ZG,1.8803844018353,1.01856930188828,1.00054293027224,0.598986330824747,2.05922746915452
243,Túnez,TUN,"Inflación, precios al consumidor (% anual)",FP.CPI.TOTL.ZG,5.30884839565841,7.3075917603165,6.72007532863804,5.63415115897623,5.70635020830702
244,Turquía,TUR,"Inflación, precios al consumidor (% anual)",FP.CPI.TOTL.ZG,11.1443110840764,16.3324638988929,15.1768215720023,12.2789574462574,19.5964926913323
245,Tuvalu,TUV,"Inflación, precios al consumidor (% anual)",FP.CPI.TOTL.ZG,,,,,
246,Tanzanía,TZA,"Inflación, precios al consumidor (% anual)",FP.CPI.TOTL.ZG,5.31871605228923,3.49445848856184,3.46428057999023,3.29029062798326,3.690919588022
247,Uganda,UGA,"Inflación, precios al consumidor (% anual)",FP.CPI.TOTL.ZG,5.20971705914217,2.61601190952264,2.86758803446909,3.31332289544493,2.20457204757416
248,Ucrania,UKR,"Inflación, precios al consumidor (% anual)",FP.CPI.TOTL.ZG,14.4383227488749,10.9518559353179,7.8867174561113,2.7324920941942,9.36313917695229
249,Ingreso mediano alto,UMC,"Inflación, precios al consumidor (% anual)",FP.CPI.TOTL.ZG,3.13106248590119,2.56572880132714,1.96823036836555,1.62088661717004,4.02852888157379
250,Uruguay,URY,"Inflación, precios al consumidor (% anual)",FP.CPI.TOTL.ZG,6.21809382561863,7.60653360377044,7.88198870879622,9.75640636078191,7.74791402314763
251,Estados Unidos,USA,"Inflación, precios al consumidor (% anual)",FP.CPI.TOTL.ZG,2.13011000365963,2.44258329692818,1.81221007526015,1.23358439630637,4.69785886363739
252,Uzbekistán,UZB,"Inflación, precios al consumidor (% anual)",FP.CPI.TOTL.ZG,13.8757425441635,17.5241796514055,14.5257359560686,12.8677297362606,10.8492397508122
253,San Vicente y las Granadinas,VCT,"Inflación, precios al consumidor (% anual)",FP.CPI.TOTL.ZG,2.15333648840511,2.32414485367923,0.913069725324485,-0.628131309354661,1.57272932500565
254,Venezuela,VEN,"Inflación, precios al consumidor (% anual)",FP.CPI.TOTL.ZG,,,,,
255,Islas Vírgenes Británicas,VGB,"Inflación, precios al consumidor (% anual)",FP.CPI.TOTL.ZG,,,,,
256,Islas Vírgenes (EE.UU.),VIR,"Inflación, precios al consumidor (% anual)",FP.CPI.TOTL.ZG,,,,,
257,Viet Nam,VNM,"Inflación, precios al consumidor (% anual)",FP.CPI.TOTL.ZG,3.52025688811619,3.53962805942641,2.79582367452244,3.22093436652514,1.83471554810462
258,Vanuatu,VUT,"Inflación, precios al consumidor (% anual)",FP.CPI.TOTL.ZG,3.08452624403546,2.3309637956687,2.76252019386107,5.32935073101713,2.34328358208955
259,Mundo,WLD,"Inflación, precios al consumidor (% anual)",FP.CPI.TOTL.ZG,2.19201010963043,2.43873655522938,2.18690154543462,1.92096800566845,3.49505757399453
260,Samoa,WSM,"Inflación, precios al consumidor (% anual)",FP.CPI.TOTL.ZG,1.74989677484723,4.19745888663745,0.982326569888142,-1.568912477409,3.1332047317449
261,Kosovo,XKX,"Inflación, precios al consumidor (% anual)",FP.CPI.TOTL.ZG,1.48823430592309,1.05379773654998,2.67599202639892,0.198227922994858,3.35369139207989
262,"Yemen, Rep. del",YEM,"Inflación, precios al consumidor (% anual)",FP.CPI.TOTL.ZG,,,,,
263,Sudáfrica,ZAF,"Inflación, precios al consumidor (% anual)",FP.CPI.TOTL.ZG,5.18424664766131,4.51716522786587,4.12024587014984,3.21003597454107,4.61167217803201
264,Zambia,ZMB,"Inflación, precios al consumidor (% anual)",FP.CPI.TOTL.ZG,6.57731154205652,7.49457192728511,9.15031644316299,15.7325851421273,22.0212342935964
265,Zimbabwe,ZWE,"Inflación, precios al consumidor (% anual)",FP.CPI.TOTL.ZG,0.893962316050074,10.6188658669575,255.304990757856,557.20181736205,98.5461050920624
266,Argentina,ARG,,,24.79559999999998,47.64559006888065,53.83240201633388,36.14058781234541,50.94163354346632
